{
  "service": "cpp-drogon",
  "iteration": 1,
  "status": "success",
  "image_size_mb": 102.86,
  "ping_test": {
    "startup_time_seconds": 0.29585695266723633,
    "avg_ping_time_seconds": 0.029484081268310546,
    "memory_usage_mb": 13.17
  },
  "interaction_test": {
    "startup_time_seconds": 0.1938788890838623,
    "interaction_latency_seconds": 0.03178691864013672,
    "pubsub_received": true,
    "pubsub_latency_seconds": 0.8971028327941895,
    "memory_usage_mb": 2.449
  },
  "timestamp": "2026-01-21T21:21:42+00:00"
}
