{
    "service": "java-spring",
    "iteration": 1,
    "status": "success",
    "image_size_mb": 265.05,
    "ping_test": {
        "startup_time_seconds": 1.6466681957244873,
        "avg_ping_time_seconds": 0.031015920639038085,
        "memory_usage_mb": 182.4
    },
    "interaction_test": {
        "startup_time_seconds": 1.6523358821868896,
        "interaction_latency_seconds": 0.18512988090515137,
        "pubsub_received": true,
        "pubsub_latency_seconds": 1.0196001529693604,
        "memory_usage_mb": 201.0
    },
    "timestamp": "2026-01-21T12:33:58+00:00"
}
