{
  "service": "node-express",
  "iteration": 1,
  "status": "success",
  "image_size_mb": 202.56,
  "ping_test": {
    "startup_time_seconds": 0.5375239849090576,
    "avg_ping_time_seconds": 0.038782691955566405,
    "memory_usage_mb": 49.05
  },
  "interaction_test": {
    "startup_time_seconds": 3.5014820098876953,
    "interaction_latency_seconds": 0.07487893104553223,
    "pubsub_received": true,
    "pubsub_latency_seconds": 0.9104321002960205,
    "memory_usage_mb": 84.29
  },
  "timestamp": "2026-01-21T21:22:01+00:00"
}
