{
    "service": "php-laravel",
    "iteration": 1,
    "status": "success",
    "image_size_mb": 128.59,
    "ping_test": {
        "startup_time_seconds": 0.37888002395629883,
        "avg_ping_time_seconds": 0.04615926742553711,
        "memory_usage_mb": 56.12
    },
    "interaction_test": {
        "startup_time_seconds": 0.40029287338256836,
        "interaction_latency_seconds": 0.0617978572845459,
        "pubsub_received": true,
        "pubsub_latency_seconds": 0.886772871017456,
        "memory_usage_mb": 57.73
    },
    "timestamp": "2026-01-21T12:34:53+00:00"
}
