{
    "service": "python-django",
    "iteration": 1,
    "status": "success",
    "image_size_mb": 213.55,
    "ping_test": {
        "startup_time_seconds": 0.6320350170135498,
        "avg_ping_time_seconds": 0.02987060546875,
        "memory_usage_mb": 76.61
    },
    "interaction_test": {
        "startup_time_seconds": 0.4438610076904297,
        "interaction_latency_seconds": 0.0605168342590332,
        "pubsub_received": true,
        "pubsub_latency_seconds": 0.9055469036102295,
        "memory_usage_mb": 69.85
    },
    "timestamp": "2026-01-21T12:33:48+00:00"
}
