{
    "service": "rust-actix",
    "iteration": 1,
    "status": "success",
    "image_size_mb": 107.01,
    "ping_test": {
        "startup_time_seconds": 0.32288217544555664,
        "avg_ping_time_seconds": 0.02909398078918457,
        "memory_usage_mb": 15.86
    },
    "interaction_test": {
        "startup_time_seconds": 0.2776358127593994,
        "interaction_latency_seconds": 0.03138613700866699,
        "pubsub_received": true,
        "pubsub_latency_seconds": 0.8619182109832764,
        "memory_usage_mb": 4.812
    },
    "timestamp": "2026-01-21T21:21:50+00:00"
}
